"","alpha1","alpha2","alpha3","alpha1.dush","alpha2.dush","beta.orth"
"1",0.243378864162294,-0.31620890127571,-0.711058105864213,0.262548305936813,-0.593522834519504,1.09091748223601
